mm-ata01;kb01;Pendapatan bagi para pemegang saham disebut ...;capital gain;capital loss;deviden;return saham;jaw_c
mm-ata01;kb02;Yang dimaksud kebijakan deviden yang stabil yaitu ...;menentukan jumlah rupiah minimal deviden setiap tahunnya;jumlah per lembar dibayar setiap tahun sama walau pendapatan per tahun berfluktuasi;memberi deviden yang besarnya mengikuti laba perusahaan;besaran deviden tiap tahun disesuaikan dengan kondisi finansial perusahaan;jaw_b
mm-ata01;kb03;Kebijakan untuk menentukan berapa deviden yang harus diperoleh para pemegang saham, merupakan pengertian dari ...;stock splits;reverse split;capital gain;kebijakan deviden;jaw_d
mm-ata01;kb04;Yang merupakan faktor yang mempengaruhi kebijakan deviden, KECUALI ...;keadaan perang di Israel;posisi likuiditas perusahaan;tingkat pertumbuhan perusahaan;kebutuhan dana untuk membayar hutang;jaw_a
mm-ata01;kb05;Dibawah ini merupakan macam - macam kebijakan deviden, KECUALI ....;kebijakan deviden yang stabil;kebijakan debiden dengan penetapan jumlah deviden minimal ditambah jumlah ekstra tertentu;kebijakan deviden dengan penetapan deviden Payout Ratio yang konstan;kebijakan deviden sesuai persentase kepemilikkan saham;jaw_d
mm-ata01;kb06;Persentase dari laba yang akan dibagikan kepada para pemegang saham, merupakan penjelasan dari ...;deviden;deviden payout ratio;capital gain;deviden awal;jaw_b
mm-ata01;kb07;Yang dimaksud kebijakan deviden dengan penetapan jumlah deviden minimal ditambah jumlah ekstra tertentu adalah ...;menentukan jumlah rupiah minimal deviden setiap tahunnya apabila keuntungan perusahaan lebih baik akan membayar deviden ekstra;jumlah per lembar dibayar setiap tahun sama walau pendapatan per tahun berfluktuasi;memberi deviden yang besarnya mengikuti laba perusahaan;besaran deviden tiap tahun disesuaikan dengan kondisi finansial perusahaan;jaw_a
mm-ata01;kb08;Pembayaran deviden kepada para pemegang saham dalam bentuk saham bukan uang tunai, merupakan pengertian dari ...;kebijakan deviden;kebijakan stock deviden;kebijakan stock splits;kebijakan reverse splits;jaw_b
mm-ata01;kb09;Pengertian kebijakan stock splits adalah ....;meningkatkan jumlah lembar saham dan mengurangi nilai nominal;meningkatkan nilai nominal dan mengurangi jumlah lembar saham;menurunkan jumlah lembar saham dan nilai nominal;menaikkan jumlah lembar saham dan nilai nominal;jaw_a
mm-ata01;kb10;Pengertian kebijakan reverse splits adalah ...;meningkatkan jumlah lembar saham dan mengurangi nilai nominal;meningkatkan nilai nominal dan mengurangi jumlah lembar saham;menurunkan jumlah lembar saham dan nilai nominal;menaikkan jumlah lembar saham dan nilai nomina;jaw_b
mm-ata01;kb11;Apa pengertian HP dalam rumus yang ada di materi kebijakan deviden ...;Harga pesaing;harga proporsional;harga pasar;harga penerbitan;jaw_c
mm-ata01;kb12;Apa pengertian NN dalam rumus yang ada di materi kebijakan deviden ...;nilai nominal;nilai net;nilai nomor;nilai notifikasi;jaw_a
mm-ata01;kb13;Apa pengertian 'a' dalam rumus yang ada di materi kebijakan deviden ...;jumlah lembar saham;nilai nominal;perbandingan terkecil;perbandingan terbesar;jaw_c
mm-ata01;kb14;Apa pengertian 'b'  dalam rumus yang ada di materi kebijakan deviden ...;jumlah lembar saham;nilai nominal;perbandingan terkecil;perbandingan terbesar;jaw_d
mm-ata01;kb15;Apa pengertian kebijakan deviden dengan penetapan Payout Ratio yang konstan ...;menentukan jumlah rupiah minimal deviden setiap tahunnya apabila keuntungan perusahaan lebih baik akan membayar deviden ekstra;jumlah per lembar dibayar setiap tahun sama walau pendapatan per tahun berfluktuasi;memberi deviden yang besarnya mengikuti laba perusahaan;besaran deviden tiap tahun disesuaikan dengan kondisi finansial perusahaan;jaw_c
mm-ata01;kb16;Apa pengertian kebijakan deviden yang fleksibel ...;menentukan jumlah rupiah minimal deviden setiap tahunnya apabila keuntungan perusahaan lebih baik akan membayar deviden ekstra;jumlah per lembar dibayar setiap tahun sama walau pendapatan per tahun berfluktuasi;memberi deviden yang besarnya mengikuti laba perusahaan;besaran deviden tiap tahun disesuaikan dengan kondisi finansial perusahaan;jaw_d
mm-ata01;kb17;Untuk menghitung AGIO SAHAM di dalam rumus kebijakan deviden, apabila HP > NN maka rumusnya adalah ...;AS lama + (SD(HP-NN));AS lama - (SD(NN-HP));%SD X jumlah lembar saham;NN X (SD + jumlah lembar saham;jaw_a
mm-ata01;kb18;Untuk menghitung AGIO SAHAM di dalam rumus kebijakan deviden, apabila HP < NN maka rumusnya adalah ...;AS lama + (SD(HP-NN));AS lama - (SD(NN-HP));%SD X jumlah lembar saham;NN X (SD + jumlah lembar saham);jaw_b
mm-ata01;kb19;Untuk menghitung STOCK DEVIDEN di dalam rumus kebijakan deviden menggunakan rumus ...;AS lama + (SD(HP-NN)) ;AS lama - (SD(NN-HP));%SD X jumlah lembar saham;NN X (SD + jumlah lembar saham);jaw_c
mm-ata01;kb20;Berapa banyak laba yang harus ditanam kembali, merupakan penjelasan dari ...;saham preferen;saham biasa;laba ditahan;laba yang harus dibagikan;jaw_c
mm-ata01;kb21;Kebijakan - kebijakan deviden yang dibahas dalam modul adalah, KECUALI ...;kebijakan stock deviden;kebijakan stock splits ;kebijakan moneter;kebijakan reverse splits;jaw_c
mm-ata01;kb22;Rumus untuk menghitung laba ditahan adalah ...;AS lama + (SD(HP-NN));AS lama - (SD(NN-HP));%SD X jumlah lembar saham;LYD - (SD X HP);jaw_d
mm-ata01;kb23;Rumus untuk menghitung saham biasa adalah ...;AS lama + (SD(HP-NN));AS lama - (SD(NN-HP));%SD X jumlah lembar saham ;NN X (SD + jumlah lembar saham);jaw_d
mm-ata01;kb24;Ketika perusahaan melakukan kebijakan stock splits, maka harga saham akan menjadi ...;lebih murah;lebih mahal;tidak ada perubahan harga;melambung tinggi;jaw_a
mm-ata01;kb25;Deviden akan dibagikan kepada ...;para pemegang saham;pemilik modal;komisaris perusahaan;emiten;jaw_a
