mm-ata01;mk2-m3;mk201;Pendapatan bagi para pemegang saham disebut ...;capital gain;capital loss;deviden;return saham;jaw_c
mm-ata01;mk2-m3;mk202;Yang dimaksud kebijakan deviden yang stabil yaitu ...;menentukan jumlah rupiah minimal deviden setiap tahunnya;jumlah per lembar dibayar setiap tahun sama walau pendapatan per tahun berfluktuasi;memberi deviden yang besarnya mengikuti laba perusahaan;besaran deviden tiap tahun disesuaikan dengan kondisi finansial perusahaan;jaw_b
mm-ata01;mk2-m3;mk203;Kebijakan untuk menentukan berapa deviden yang harus diperoleh para pemegang saham, merupakan pengertian dari ...;stock splits;reverse split;capital gain;kebijakan deviden;jaw_d
mm-ata01;mk2-m3;mk204;Yang merupakan faktor yang mempengaruhi kebijakan deviden, KECUALI ...;keadaan perang di Israel;posisi likuiditas perusahaan;tingkat pertumbuhan perusahaan;kebutuhan dana untuk membayar hutang;jaw_a
mm-ata01;mk2-m3;mk205;Dibawah ini merupakan macam - macam kebijakan deviden, KECUALI ....;kebijakan deviden yang stabil;kebijakan debiden dengan penetapan jumlah deviden minimal ditambah jumlah ekstra tertentu;kebijakan deviden dengan penetapan deviden Payout Ratio yang konstan;kebijakan deviden sesuai persentase kepemilikkan saham;jaw_d
mm-ata01;mk2-m3;mk206;Persentase dari laba yang akan dibagikan kepada para pemegang saham, merupakan penjelasan dari ...;deviden;deviden payout ratio;capital gain;deviden awal;jaw_b
mm-ata01;mk2-m3;mk207;Yang dimaksud kebijakan deviden dengan penetapan jumlah deviden minimal ditambah jumlah ekstra tertentu adalah ...;menentukan jumlah rupiah minimal deviden setiap tahunnya apabila keuntungan perusahaan lebih baik akan membayar deviden ekstra;jumlah per lembar dibayar setiap tahun sama walau pendapatan per tahun berfluktuasi;memberi deviden yang besarnya mengikuti laba perusahaan;besaran deviden tiap tahun disesuaikan dengan kondisi finansial perusahaan;jaw_a
mm-ata01;mk2-m3;mk208;Pembayaran deviden kepada para pemegang saham dalam bentuk saham bukan uang tunai, merupakan pengertian dari ...;kebijakan deviden;kebijakan stock deviden;kebijakan stock splits;kebijakan reverse splits;jaw_b
mm-ata01;mk2-m3;mk209;Pengertian kebijakan stock splits adalah ....;meningkatkan jumlah lembar saham dan mengurangi nilai nominal;meningkatkan nilai nominal dan mengurangi jumlah lembar saham;menurunkan jumlah lembar saham dan nilai nominal;menaikkan jumlah lembar saham dan nilai nominal;jaw_a
mm-ata01;mk2-m3;mk210;Pengertian kebijakan reverse splits adalah ...;meningkatkan jumlah lembar saham dan mengurangi nilai nominal;meningkatkan nilai nominal dan mengurangi jumlah lembar saham;menurunkan jumlah lembar saham dan nilai nominal;menaikkan jumlah lembar saham dan nilai nomina;jaw_b
mm-ata01;mk2-m3;mk211;Apa pengertian HP dalam rumus yang ada di materi kebijakan deviden ...;Harga pesaing;harga proporsional;harga pasar;harga penerbitan;jaw_c
mm-ata01;mk2-m3;mk212;Apa pengertian NN dalam rumus yang ada di materi kebijakan deviden ...;nilai nominal;nilai net;nilai nomor;nilai notifikasi;jaw_a
mm-ata01;mk2-m3;mk213;Apa pengertian 'a' dalam rumus yang ada di materi kebijakan deviden ...;jumlah lembar saham;nilai nominal;perbandingan terkecil;perbandingan terbesar;jaw_c
mm-ata01;mk2-m3;mk214;Apa pengertian 'b'  dalam rumus yang ada di materi kebijakan deviden ...;jumlah lembar saham;nilai nominal;perbandingan terkecil;perbandingan terbesar;jaw_d
mm-ata01;mk2-m3;mk215;Apa pengertian kebijakan deviden dengan penetapan Payout Ratio yang konstan ...;menentukan jumlah rupiah minimal deviden setiap tahunnya apabila keuntungan perusahaan lebih baik akan membayar deviden ekstra;jumlah per lembar dibayar setiap tahun sama walau pendapatan per tahun berfluktuasi;memberi deviden yang besarnya mengikuti laba perusahaan;besaran deviden tiap tahun disesuaikan dengan kondisi finansial perusahaan;jaw_c
mm-ata01;mk2-m3;mk216;Apa pengertian kebijakan deviden yang fleksibel ...;menentukan jumlah rupiah minimal deviden setiap tahunnya apabila keuntungan perusahaan lebih baik akan membayar deviden ekstra;jumlah per lembar dibayar setiap tahun sama walau pendapatan per tahun berfluktuasi;memberi deviden yang besarnya mengikuti laba perusahaan;besaran deviden tiap tahun disesuaikan dengan kondisi finansial perusahaan;jaw_d
mm-ata01;mk2-m3;mk217;Untuk menghitung AGIO SAHAM di dalam rumus kebijakan deviden, apabila HP > NN maka rumusnya adalah ...;AS lama + (SD(HP-NN));AS lama - (SD(NN-HP));%SD X jumlah lembar saham;NN X (SD + jumlah lembar saham;jaw_a
mm-ata01;mk2-m3;mk218;Untuk menghitung AGIO SAHAM di dalam rumus kebijakan deviden, apabila HP < NN maka rumusnya adalah ...;AS lama + (SD(HP-NN));AS lama - (SD(NN-HP));%SD X jumlah lembar saham;NN X (SD + jumlah lembar saham);jaw_b
mm-ata01;mk2-m3;mk219;Untuk menghitung STOCK DEVIDEN di dalam rumus kebijakan deviden menggunakan rumus ...;AS lama + (SD(HP-NN)) ;AS lama - (SD(NN-HP));%SD X jumlah lembar saham;NN X (SD + jumlah lembar saham);jaw_c
mm-ata01;mk2-m3;mk220;Berapa banyak laba yang harus ditanam kembali, merupakan penjelasan dari ...;saham preferen;saham biasa;laba ditahan;laba yang harus dibagikan;jaw_c
mm-ata01;mk2-m3;mk221;Kebijakan - kebijakan deviden yang dibahas dalam modul adalah, KECUALI ...;kebijakan stock deviden;kebijakan stock splits ;kebijakan moneter;kebijakan reverse splits;jaw_c
mm-ata01;mk2-m3;mk222;Rumus untuk menghitung laba ditahan adalah ...;AS lama + (SD(HP-NN));AS lama - (SD(NN-HP));%SD X jumlah lembar saham;LYD - (SD X HP);jaw_d
mm-ata01;mk2-m3;mk223;Rumus untuk menghitung saham biasa adalah ...;AS lama + (SD(HP-NN));AS lama - (SD(NN-HP));%SD X jumlah lembar saham ;NN X (SD + jumlah lembar saham);jaw_d
mm-ata01;mk2-m3;mk224;Ketika perusahaan melakukan kebijakan stock splits, maka harga saham akan menjadi ...;lebih murah;lebih mahal;tidak ada perubahan harga;melambung tinggi;jaw_a
mm-ata01;mk2-m3;mk225;Deviden akan dibagikan kepada ...;para pemegang saham;pemilik modal;komisaris perusahaan;emiten;jaw_a
